Project Name,Original Contract Cost (PKR),Covered Area (Sft),Original Rate / Sft (PKR),Contract Date,Contract Duration (Days),Expected Completion,Remarks
Zameen NEO,1000000000,131000,7634,01-Oct-2023,1080,15-Sep-2026,"Ground-plus-six residential; Block G Gulberg 3, Lahore. 1-bed/2-bed apartments and 3-bed double-height lofts (zameen.com, 15-Sep-2026) | REAL (entered by ZD)"
Zameen ARX,8000000000,990000,8081,01-Jan-2025,1080,17-Dec-2027,"33 floors incl. ground & rooftop; mixed-use; CBD Punjab, Main Boulevard Gulberg, Lahore. 420 ft, launched 2024, units 1.2-19.45 marla (zameen.com, 15-Sep-2026) | REAL (entered by ZD)"
Golf View Rumanza,2694802000,353000,7634,01-Jan-2025,1080,17-Dec-2027,"12-storey residential & retail over 7.5 kanals; DHA Multan facing Rumanza Golf Course. JV with Bodla Builders, DHA agreement Dec-2021 (propakistani.pk 08-Dec-2021). Area = 7.5 kanals x 12 floors x 0.72 efficiency. Dates as entered by ZD | ASSUMED PLACEHOLDER - NOT CONTRACT DATA"
Zameen Phoenix,3038456000,376000,8081,01-Mar-2024,1095,01-Mar-2027,"G+11 mixed-use, winged facade; corner plot Main Canal Road, Shadman II, Lahore. Flagship ZD project; 1/2/3-bed apartments and penthouses (zameendevelopments.com, 15-Sep-2026). PLOT SIZE NOT PUBLISHED - assumed 8 kanals | ASSUMED PLACEHOLDER - NOT CONTRACT DATA"
Zameen Jade,4015484000,526000,7634,01-Jul-2023,1095,30-Jun-2026,"Residential tower, studios to penthouses; Sukh Chayn Gardens, Lahore. 415 apartments published (zameendevelopments.com, 15-Sep-2026). Area = 415 apts x 950 Sft avg / 0.75 net-to-gross; UNIT SIZE ASSUMED | ASSUMED PLACEHOLDER - NOT CONTRACT DATA"
Zameen Vault,14545800000,1800000,8081,01-Apr-2025,1460,31-Mar-2029,"37-storey mixed-use tower, approx. 450 ft; NSIT City, Lahore. Area 1,800,000 Sft is the PUBLISHED MARKETED GFA (zameen.com, 15-Sep-2026), not a measured contract covered area. Cost/rate/dates assumed | ASSUMED PLACEHOLDER - NOT CONTRACT DATA"
Zameen EON,6157722000,762000,8081,01-Sep-2024,1278,02-Mar-2028,"Premium apartments, double-height lofts & penthouses; NSIT overlooking Defence Raya Golf Course, Lahore. Units 2-13.4 marla (zameen.com, 15-Sep-2026). STOREYS & PLOT NOT PUBLISHED - assumed 10 kanals x 20 floors | ASSUMED PLACEHOLDER - NOT CONTRACT DATA"
Downtown Rumanza,10101250000,1250000,8081,01-Jun-2023,1460,31-May-2027,"3 towers over 40 kanals; DHA Multan. Published: 470,000 Sft mall across four commercial floors, serviced apartments, penthouses and 5-star Royal Swiss hotel (zameen.com, 15-Sep-2026). Total covered area assumed 1,250,000 Sft across all components | ASSUMED PLACEHOLDER - NOT CONTRACT DATA"
Zameen Hive,1557336000,204000,7634,01-Feb-2025,900,21-Jul-2027,"G+10 mid-rise, studios & 1-bed, two basement levels; Block B-3, Gulberg III, Lahore. Units 1.7-2.93 marla (zameen.com, 15-Sep-2026). PLOT NOT PUBLISHED - assumed 4 kanals x 13 levels x 0.72 efficiency | ASSUMED PLACEHOLDER - NOT CONTRACT DATA"
